Full Colum Descriptions,First Alternative,Second Alternative
Service Year,,
Child Last Name,childlastname,
Child First Name,childfirstname,
Child Gender,childgender,
Child Grade,childgrade,
Child Birthday,childbirthday,
Child Address,childaddress,
Child City,childcity,
Child Postal Code,childpostalcode,
Child Country,childcountry,
Child Live with,childlivewith,
First Parent Full Name,,
First Parent Work Phone,,
First Parent Home Phone,,
First Parent Cell Phone,,
Second Parent Full Name,,
Second Parent Work Phone,,
Second Parent Home Phone,,
Second Parent Cell Phone,,
First Emergency Contact Full Name,,
First Emergency Contact Phone,,
Child Doctor Full Name,,
Child Doctor Phone,,
Child Allergies,,
Chiild Medications,,
Child Care Card Number,,
Child Picture,,
Parent Signature,,
Witness,,
Signature Date,,
Activity Title,,
Activity Image,,
Activity Event Date,,
Activity Note,,

